                  epoch,         train/box_loss,         train/cls_loss,         train/dfl_loss,   metrics/precision(B),      metrics/recall(B),       metrics/mAP50(B),    metrics/mAP50-95(B),           val/box_loss,           val/cls_loss,           val/dfl_loss,                 lr/pg0,                 lr/pg1,                 lr/pg2
                      1,                 2.4995,                 2.6612,                 2.5609,                0.19471,                0.23586,                0.17481,                0.09307,                 1.7381,                 1.7152,                 1.7256,              0.0033292,              0.0033292,              0.0033292
                      2,                 1.9014,                 1.9302,                 1.7316,                0.28975,                0.30299,                 0.2394,                0.13624,                 1.5936,                 1.7032,                 1.5182,              0.0066186,              0.0066186,              0.0066186
                      3,                 1.8258,                 1.8254,                 1.6312,                0.35635,                0.31625,                0.27905,                0.16137,                 1.5727,                 1.4773,                 1.4649,              0.0098639,              0.0098639,              0.0098639
                      4,                 1.7697,                 1.7408,                 1.5654,                0.39332,                 0.3475,                0.32507,                0.18991,                 1.5177,                 1.3973,                 1.4166,               0.009802,               0.009802,               0.009802
                      5,                   1.72,                 1.6459,                 1.5175,                0.44834,                0.35847,                0.34373,                 0.2016,                  1.499,                 1.3234,                 1.3907,               0.009802,               0.009802,               0.009802
                      6,                 1.6768,                 1.5682,                 1.4834,                0.41703,                 0.3755,                0.35364,                0.21041,                 1.4861,                 1.2919,                 1.3717,               0.009736,               0.009736,               0.009736
                      7,                  1.659,                 1.5231,                 1.4643,                 0.4634,                0.37485,                0.37248,                0.22079,                 1.4693,                 1.2575,                 1.3614,                0.00967,                0.00967,                0.00967
                      8,                 1.6328,                 1.4816,                 1.4477,                0.47253,                0.38705,                0.38166,                 0.2287,                 1.4486,                 1.2172,                 1.3444,               0.009604,               0.009604,               0.009604
                      9,                 1.6184,                 1.4507,                 1.4308,                0.47341,                0.38905,                0.38962,                 0.2354,                 1.4267,                 1.2052,                  1.333,               0.009538,               0.009538,               0.009538
                     10,                 1.6027,                 1.4179,                 1.4225,                0.48478,                0.40544,                 0.4051,                0.24343,                 1.4227,                 1.1825,                 1.3274,               0.009472,               0.009472,               0.009472
                     11,                 1.5873,                 1.3899,                   1.41,                0.49583,                0.40912,                0.40732,                0.24537,                 1.4196,                 1.1707,                   1.32,               0.009406,               0.009406,               0.009406
                     12,                 1.5813,                 1.3775,                 1.3998,                 0.4917,                0.43088,                0.41606,                0.25018,                 1.4157,                 1.1539,                 1.3166,                0.00934,                0.00934,                0.00934
                     13,                 1.5675,                 1.3479,                 1.3861,                0.49546,                0.42258,                0.41671,                0.25125,                 1.4074,                 1.1653,                  1.311,               0.009274,               0.009274,               0.009274
                     14,                  1.556,                 1.3413,                  1.391,                0.51663,                0.41962,                0.42777,                0.25772,                 1.3983,                 1.1295,                 1.3029,               0.009208,               0.009208,               0.009208
                     15,                 1.5515,                 1.3252,                 1.3818,                0.50613,                0.42013,                0.42581,                0.25814,                 1.3974,                 1.1289,                 1.2982,               0.009142,               0.009142,               0.009142
                     16,                 1.5451,                  1.317,                 1.3772,                0.52457,                 0.4133,                0.42945,                0.25984,                 1.3965,                 1.1216,                 1.2965,               0.009076,               0.009076,               0.009076
                     17,                 1.5474,                 1.3082,                 1.3698,                0.52384,                0.42677,                0.43788,                 0.2647,                 1.3808,                  1.108,                 1.2865,                0.00901,                0.00901,                0.00901
                     18,                 1.5397,                 1.2968,                 1.3647,                0.52925,                0.43646,                0.44079,                0.26669,                 1.3829,                 1.0998,                 1.2865,               0.008944,               0.008944,               0.008944
                     19,                 1.5217,                 1.2739,                 1.3559,                0.51812,                0.43988,                0.44434,                0.27088,                 1.3776,                 1.1014,                  1.281,               0.008878,               0.008878,               0.008878
                     20,                 1.5144,                 1.2661,                  1.353,                 0.5344,                0.42935,                0.44297,                0.26759,                 1.3715,                 1.0997,                  1.279,               0.008812,               0.008812,               0.008812
                     21,                 1.5173,                 1.2619,                 1.3474,                0.52754,                0.43537,                0.44768,                0.27267,                 1.3679,                 1.0879,                 1.2729,               0.008746,               0.008746,               0.008746
                     22,                 1.5152,                 1.2584,                 1.3512,                0.53452,                0.43132,                0.45174,                 0.2756,                 1.3679,                 1.0775,                 1.2717,                0.00868,                0.00868,                0.00868
                     23,                 1.5064,                  1.241,                 1.3393,                 0.5316,                0.44073,                0.45536,                0.27986,                 1.3591,                  1.071,                  1.266,               0.008614,               0.008614,               0.008614
                     24,                 1.5073,                  1.244,                 1.3426,                0.52622,                0.44553,                0.45421,                0.27712,                 1.3622,                 1.0617,                  1.268,               0.008548,               0.008548,               0.008548
                     25,                 1.4971,                 1.2343,                 1.3377,                0.53727,                0.43899,                0.45509,                0.27755,                 1.3677,                 1.0688,                 1.2703,               0.008482,               0.008482,               0.008482
                     26,                  1.503,                 1.2361,                  1.334,                0.54495,                0.45128,                0.46796,                0.28519,                 1.3534,                  1.051,                 1.2598,               0.008416,               0.008416,               0.008416
                     27,                 1.4956,                 1.2206,                 1.3259,                0.54381,                0.44884,                0.46776,                0.28664,                  1.358,                 1.0572,                 1.2582,                0.00835,                0.00835,                0.00835
                     28,                 1.4885,                 1.2152,                 1.3217,                0.54091,                0.45811,                0.47336,                0.29077,                 1.3562,                 1.0499,                  1.254,               0.008284,               0.008284,               0.008284
                     29,                 1.5012,                 1.2263,                  1.325,                0.55295,                 0.4487,                 0.4715,                0.28989,                 1.3606,                 1.0578,                 1.2516,               0.008218,               0.008218,               0.008218
                     30,                 1.4967,                 1.2185,                 1.3192,                  0.544,                0.45211,                0.47039,                0.28882,                 1.3589,                 1.0637,                 1.2482,               0.008152,               0.008152,               0.008152
                     31,                 1.4994,                 1.2188,                 1.3147,                0.56649,                0.44698,                0.47456,                0.29059,                 1.3625,                 1.0571,                 1.2481,               0.008086,               0.008086,               0.008086
                     32,                 1.4925,                 1.2123,                 1.3085,                0.56366,                0.45343,                0.47636,                0.29147,                 1.3638,                 1.0525,                 1.2459,                0.00802,                0.00802,                0.00802
                     33,                 1.4899,                 1.2079,                 1.3037,                0.55982,                0.44865,                0.47181,                0.29115,                 1.3581,                 1.0558,                 1.2404,               0.007954,               0.007954,               0.007954
                     34,                   1.49,                 1.2073,                  1.302,                0.55956,                 0.4597,                0.47949,                0.29468,                 1.3575,                 1.0479,                 1.2391,               0.007888,               0.007888,               0.007888
                     35,                 1.4838,                 1.1926,                 1.3008,                0.55757,                0.45633,                0.47709,                0.29392,                  1.365,                 1.0485,                 1.2394,               0.007822,               0.007822,               0.007822
                     36,                  1.486,                 1.1983,                 1.2949,                0.57148,                0.46126,                0.48438,                0.29633,                 1.3559,                  1.042,                 1.2341,               0.007756,               0.007756,               0.007756
                     37,                 1.4907,                 1.2011,                 1.2963,                0.56936,                0.45556,                0.48011,                0.29663,                 1.3529,                 1.0391,                 1.2341,                0.00769,                0.00769,                0.00769
                     38,                 1.4761,                 1.1868,                 1.2884,                0.56527,                0.46112,                0.48199,                0.29676,                 1.3504,                 1.0416,                 1.2312,               0.007624,               0.007624,               0.007624
                     39,                 1.4748,                 1.1813,                 1.2876,                0.56328,                0.46186,                0.48152,                0.29649,                 1.3496,                   1.04,                 1.2289,               0.007558,               0.007558,               0.007558
                     40,                 1.4736,                  1.182,                 1.2885,                0.57584,                 0.4561,                0.48489,                0.29856,                 1.3485,                 1.0343,                 1.2279,               0.007492,               0.007492,               0.007492
                     41,                 1.4747,                 1.1743,                  1.289,                0.57468,                0.46201,                0.48889,                0.30016,                 1.3508,                 1.0273,                 1.2268,               0.007426,               0.007426,               0.007426
                     42,                 1.4696,                 1.1744,                 1.2846,                0.57518,                 0.4606,                0.48797,                0.30104,                 1.3458,                  1.033,                 1.2248,                0.00736,                0.00736,                0.00736
                     43,                 1.4667,                 1.1682,                 1.2796,                0.56279,                0.46975,                0.49037,                0.30365,                 1.3437,                  1.028,                 1.2226,               0.007294,               0.007294,               0.007294
                     44,                 1.4615,                 1.1567,                 1.2752,                0.58203,                0.46666,                 0.4901,                0.30304,                 1.3435,                 1.0256,                 1.2232,               0.007228,               0.007228,               0.007228
                     45,                 1.4633,                 1.1668,                 1.2847,                0.55911,                0.47764,                0.49078,                0.30289,                 1.3435,                 1.0238,                 1.2209,               0.007162,               0.007162,               0.007162
                     46,                 1.4589,                 1.1583,                 1.2731,                0.57601,                0.47298,                 0.4917,                0.30377,                 1.3459,                   1.02,                 1.2215,               0.007096,               0.007096,               0.007096
                     47,                 1.4638,                 1.1655,                 1.2736,                0.57441,                0.46998,                0.49427,                 0.3045,                 1.3475,                 1.0213,                 1.2212,                0.00703,                0.00703,                0.00703
                     48,                 1.4565,                 1.1569,                 1.2695,                0.56765,                0.47836,                0.49625,                0.30591,                 1.3434,                 1.0158,                 1.2204,               0.006964,               0.006964,               0.006964
                     49,                  1.457,                 1.1548,                 1.2694,                 0.5818,                 0.4727,                 0.4951,                 0.3065,                 1.3466,                 1.0148,                 1.2199,               0.006898,               0.006898,               0.006898
                     50,                 1.4498,                 1.1465,                 1.2661,                0.57341,                0.47445,                0.49793,                0.30741,                 1.3434,                 1.0081,                 1.2172,               0.006832,               0.006832,               0.006832
                     51,                 1.4547,                 1.1448,                 1.2671,                0.57006,                0.47654,                0.49752,                0.30837,                 1.3382,                 1.0067,                 1.2169,               0.006766,               0.006766,               0.006766
                     52,                  1.455,                 1.1438,                 1.2627,                0.57203,                0.47369,                0.49626,                0.30831,                 1.3395,                 1.0115,                 1.2146,                 0.0067,                 0.0067,                 0.0067
                     53,                 1.4457,                 1.1348,                 1.2628,                0.57912,                0.47411,                0.49767,                 0.3092,                 1.3359,                 1.0058,                 1.2131,               0.006634,               0.006634,               0.006634
                     54,                 1.4494,                 1.1329,                  1.261,                0.58333,                0.47277,                0.49963,                0.30959,                 1.3391,                 1.0079,                 1.2132,               0.006568,               0.006568,               0.006568
                     55,                 1.4484,                 1.1352,                 1.2647,                0.57884,                0.47414,                0.49758,                0.30829,                 1.3403,                 1.0053,                  1.213,               0.006502,               0.006502,               0.006502
                     56,                 1.4416,                 1.1341,                 1.2585,                 0.5804,                 0.4765,                0.50015,                0.30911,                 1.3411,                  1.005,                 1.2134,               0.006436,               0.006436,               0.006436
                     57,                 1.4426,                 1.1298,                 1.2616,                0.57217,                0.48406,                0.50283,                0.31132,                  1.334,                0.99834,                 1.2102,                0.00637,                0.00637,                0.00637
                     58,                 1.4366,                 1.1205,                 1.2561,                0.59513,                0.47298,                0.50363,                0.31245,                 1.3354,                 0.9998,                 1.2098,               0.006304,               0.006304,               0.006304
                     59,                 1.4432,                 1.1276,                 1.2569,                0.58434,                0.48605,                0.50504,                0.31336,                 1.3342,                0.99881,                 1.2091,               0.006238,               0.006238,               0.006238
                     60,                 1.4383,                 1.1226,                 1.2551,                0.57966,                0.48333,                0.50412,                0.31332,                 1.3316,                0.99645,                 1.2079,               0.006172,               0.006172,               0.006172
                     61,                 1.4332,                 1.1164,                 1.2539,                0.58846,                0.48269,                0.50458,                0.31355,                 1.3319,                0.99466,                 1.2089,               0.006106,               0.006106,               0.006106
                     62,                  1.434,                 1.1126,                 1.2462,                 0.5855,                0.48816,                0.50882,                0.31496,                 1.3332,                0.99349,                 1.2086,                0.00604,                0.00604,                0.00604
                     63,                 1.4248,                 1.1069,                 1.2519,                0.59866,                0.47793,                0.50897,                0.31673,                 1.3312,                0.99269,                 1.2061,               0.005974,               0.005974,               0.005974
                     64,                 1.4313,                  1.107,                 1.2498,                0.58551,                0.48203,                0.50723,                0.31411,                 1.3329,                0.99377,                 1.2062,               0.005908,               0.005908,               0.005908
                     65,                  1.424,                 1.1034,                 1.2445,                0.59447,                0.48155,                0.50846,                0.31586,                 1.3309,                0.99192,                 1.2043,               0.005842,               0.005842,               0.005842
                     66,                 1.4308,                 1.1063,                 1.2481,                0.58325,                0.48944,                0.50749,                0.31517,                 1.3319,                0.99304,                 1.2054,               0.005776,               0.005776,               0.005776
                     67,                 1.4216,                 1.0978,                 1.2469,                0.58796,                0.48393,                0.50836,                0.31492,                 1.3335,                0.98977,                 1.2063,                0.00571,                0.00571,                0.00571
                     68,                 1.4265,                 1.0993,                 1.2463,                0.58295,                 0.4875,                0.50995,                0.31524,                 1.3326,                0.98825,                 1.2045,               0.005644,               0.005644,               0.005644
                     69,                   1.43,                 1.1075,                  1.248,                0.58872,                0.48278,                0.50964,                0.31647,                 1.3283,                0.98574,                 1.2034,               0.005578,               0.005578,               0.005578
                     70,                 1.4243,                 1.0981,                 1.2409,                0.58179,                0.49038,                0.51128,                0.31794,                 1.3297,                0.98542,                 1.2026,               0.005512,               0.005512,               0.005512
                     71,                 1.4237,                 1.0965,                 1.2443,                0.58601,                0.48813,                0.51191,                 0.3183,                 1.3279,                 0.9854,                 1.2021,               0.005446,               0.005446,               0.005446
                     72,                 1.4148,                 1.0869,                 1.2368,                0.58918,                0.48773,                0.51113,                0.31709,                 1.3277,                0.98699,                 1.1995,                0.00538,                0.00538,                0.00538
                     73,                 1.4139,                 1.0858,                 1.2378,                0.59762,                0.48002,                0.51104,                0.31776,                 1.3295,                0.98578,                 1.1997,               0.005314,               0.005314,               0.005314
                     74,                 1.4132,                  1.086,                 1.2383,                 0.5916,                0.48927,                0.51356,                0.31928,                 1.3282,                0.98432,                 1.2002,               0.005248,               0.005248,               0.005248
                     75,                 1.4144,                 1.0876,                 1.2373,                0.59468,                0.48823,                0.51243,                0.31781,                 1.3295,                0.98356,                 1.2014,               0.005182,               0.005182,               0.005182
                     76,                 1.4176,                 1.0888,                 1.2378,                0.58972,                0.48785,                0.51348,                0.31926,                 1.3271,                0.98039,                 1.1995,               0.005116,               0.005116,               0.005116
                     77,                 1.4139,                 1.0836,                 1.2391,                0.58174,                 0.4967,                0.51338,                0.31911,                 1.3286,                0.97973,                 1.2005,                0.00505,                0.00505,                0.00505
                     78,                 1.4107,                  1.082,                 1.2349,                  0.592,                0.48988,                0.51518,                0.32025,                 1.3283,                0.97628,                 1.1981,               0.004984,               0.004984,               0.004984
                     79,                 1.4155,                 1.0825,                 1.2373,                0.58711,                0.49439,                0.51567,                0.32054,                 1.3277,                0.97751,                 1.1978,               0.004918,               0.004918,               0.004918
                     80,                 1.4085,                 1.0785,                 1.2314,                0.57983,                0.49848,                0.51549,                0.32031,                  1.325,                0.97616,                 1.1963,               0.004852,               0.004852,               0.004852
                     81,                 1.4101,                   1.08,                 1.2358,                0.59256,                0.49341,                 0.5146,                 0.3202,                 1.3233,                 0.9765,                 1.1946,               0.004786,               0.004786,               0.004786
                     82,                 1.4099,                 1.0749,                 1.2286,                0.59251,                0.48987,                0.51362,                0.31977,                 1.3231,                0.97566,                 1.1948,                0.00472,                0.00472,                0.00472
                     83,                 1.4117,                 1.0744,                 1.2304,                0.59648,                0.49073,                0.51623,                0.31975,                 1.3258,                0.97711,                 1.1959,               0.004654,               0.004654,               0.004654
                     84,                 1.4049,                 1.0667,                 1.2302,                0.57963,                0.49564,                0.51555,                0.31993,                 1.3284,                 0.9763,                 1.1976,               0.004588,               0.004588,               0.004588
                     85,                 1.4091,                 1.0747,                 1.2277,                 0.5807,                0.49265,                0.51225,                0.31749,                 1.3287,                0.97742,                 1.1971,               0.004522,               0.004522,               0.004522
                     86,                 1.4055,                 1.0706,                 1.2284,                0.59312,                0.48677,                0.51288,                 0.3191,                 1.3233,                0.97474,                 1.1945,               0.004456,               0.004456,               0.004456
                     87,                  1.401,                 1.0672,                 1.2329,                0.58877,                0.49038,                0.51418,                0.32009,                  1.322,                0.97342,                  1.193,                0.00439,                0.00439,                0.00439
                     88,                 1.4064,                 1.0674,                 1.2284,                0.59166,                0.49365,                0.51486,                0.32028,                 1.3226,                0.97067,                 1.1927,               0.004324,               0.004324,               0.004324
                     89,                 1.4002,                 1.0609,                 1.2284,                0.60349,                 0.4897,                 0.5156,                0.32008,                  1.323,                0.97177,                 1.1927,               0.004258,               0.004258,               0.004258
                     90,                 1.4009,                 1.0583,                 1.2175,                0.58888,                0.49594,                0.51522,                0.32066,                 1.3241,                0.97221,                 1.1933,               0.004192,               0.004192,               0.004192
                     91,                 1.3963,                 1.0571,                 1.2254,                0.58922,                0.49331,                0.51509,                0.31944,                 1.3249,                0.97222,                 1.1945,               0.004126,               0.004126,               0.004126
                     92,                 1.3961,                 1.0554,                 1.2231,                0.59497,                0.49094,                0.51465,                0.31937,                 1.3243,                0.97084,                 1.1939,                0.00406,                0.00406,                0.00406
                     93,                 1.3909,                 1.0514,                 1.2204,                0.59326,                0.49335,                0.51439,                0.31977,                 1.3234,                0.96955,                  1.193,               0.003994,               0.003994,               0.003994
                     94,                  1.397,                 1.0531,                 1.2233,                 0.5985,                0.49023,                0.51551,                 0.3197,                 1.3236,                0.97017,                 1.1932,               0.003928,               0.003928,               0.003928
                     95,                 1.3918,                 1.0488,                 1.2192,                0.58541,                0.49729,                0.51573,                   0.32,                 1.3232,                 0.9708,                 1.1928,               0.003862,               0.003862,               0.003862
                     96,                  1.383,                 1.0425,                 1.2168,                0.59407,                0.49596,                0.51581,                0.32002,                  1.324,                 0.9708,                 1.1928,               0.003796,               0.003796,               0.003796
                     97,                 1.3848,                 1.0415,                 1.2164,                0.59276,                0.49649,                0.51693,                0.32063,                 1.3237,                0.97018,                 1.1929,                0.00373,                0.00373,                0.00373
                     98,                 1.3932,                 1.0478,                 1.2194,                0.59323,                 0.4968,                0.51735,                0.32127,                 1.3241,                0.96908,                 1.1926,               0.003664,               0.003664,               0.003664
                     99,                 1.3879,                 1.0396,                 1.2175,                0.59532,                0.49157,                0.51665,                0.32084,                 1.3247,                0.96941,                 1.1924,               0.003598,               0.003598,               0.003598
                    100,                 1.3865,                  1.043,                 1.2128,                0.60135,                0.48655,                0.51663,                0.32117,                 1.3241,                0.96798,                 1.1919,               0.003532,               0.003532,               0.003532
                    101,                 1.3773,                 1.0299,                 1.2088,                 0.5965,                0.48842,                0.51675,                0.32067,                 1.3247,                0.96804,                 1.1916,               0.003466,               0.003466,               0.003466
                    102,                 1.3785,                 1.0309,                 1.2111,                0.59405,                0.49356,                0.51749,                 0.3219,                  1.323,                0.96803,                 1.1902,                 0.0034,                 0.0034,                 0.0034
                    103,                 1.3777,                 1.0356,                 1.2152,                0.59852,                0.49065,                0.51843,                0.32284,                 1.3234,                 0.9674,                 1.1903,               0.003334,               0.003334,               0.003334
                    104,                 1.3828,                 1.0358,                 1.2136,                0.59084,                0.49546,                0.51873,                  0.323,                  1.323,                0.96681,                 1.1905,               0.003268,               0.003268,               0.003268
                    105,                 1.3827,                 1.0324,                 1.2142,                0.60138,                0.49156,                0.51966,                 0.3233,                 1.3224,                0.96613,                 1.1904,               0.003202,               0.003202,               0.003202
                    106,                 1.3814,                 1.0357,                 1.2151,                0.59206,                0.49949,                0.52021,                0.32335,                 1.3226,                0.96571,                 1.1905,               0.003136,               0.003136,               0.003136
                    107,                 1.3733,                 1.0259,                 1.2089,                0.59762,                0.49859,                 0.5212,                0.32359,                 1.3231,                0.96458,                 1.1908,                0.00307,                0.00307,                0.00307
                    108,                 1.3761,                 1.0271,                  1.211,                0.60025,                 0.4954,                0.52136,                0.32406,                 1.3229,                0.96391,                 1.1904,               0.003004,               0.003004,               0.003004
                    109,                 1.3734,                 1.0232,                 1.2104,                0.60307,                0.49477,                 0.5209,                0.32425,                  1.324,                0.96363,                 1.1909,               0.002938,               0.002938,               0.002938
                    110,                 1.3754,                 1.0225,                 1.2082,                0.60702,                0.49037,                0.52086,                0.32436,                 1.3231,                0.96302,                 1.1901,               0.002872,               0.002872,               0.002872
                    111,                 1.3748,                 1.0201,                 1.2061,                0.60416,                0.49301,                0.52129,                0.32429,                 1.3234,                0.96244,                 1.1905,               0.002806,               0.002806,               0.002806
                    112,                 1.3774,                 1.0245,                 1.2083,                0.60568,                0.49254,                0.52058,                0.32384,                  1.324,                0.96281,                 1.1907,                0.00274,                0.00274,                0.00274
                    113,                 1.3751,                 1.0231,                 1.2087,                0.60566,                0.49202,                0.52015,                0.32321,                 1.3246,                0.96283,                 1.1908,               0.002674,               0.002674,               0.002674
                    114,                 1.3692,                 1.0151,                 1.2057,                 0.5996,                0.49659,                0.52122,                0.32435,                 1.3245,                0.96259,                 1.1909,               0.002608,               0.002608,               0.002608
                    115,                 1.3701,                  1.015,                 1.2034,                0.60627,                0.49372,                0.52128,                0.32402,                 1.3244,                 0.9624,                 1.1909,               0.002542,               0.002542,               0.002542
                    116,                 1.3769,                 1.0257,                  1.212,                0.60895,                0.48965,                0.52121,                0.32371,                 1.3244,                0.96214,                 1.1907,               0.002476,               0.002476,               0.002476
                    117,                 1.3687,                 1.0151,                  1.206,                0.60708,                0.49211,                0.52143,                0.32407,                 1.3239,                  0.962,                 1.1904,                0.00241,                0.00241,                0.00241
                    118,                 1.3632,                 1.0076,                 1.2038,                0.59883,                0.49589,                0.52113,                0.32411,                 1.3248,                0.96192,                 1.1908,               0.002344,               0.002344,               0.002344
                    119,                 1.3626,                 1.0094,                 1.1994,                0.60215,                 0.4956,                0.52155,                0.32376,                 1.3249,                0.96219,                 1.1906,               0.002278,               0.002278,               0.002278
                    120,                  1.364,                 1.0066,                 1.1988,                 0.5932,                0.49797,                0.52179,                0.32414,                 1.3247,                0.96178,                 1.1905,               0.002212,               0.002212,               0.002212
                    121,                 1.3609,                 1.0051,                 1.1995,                0.59711,                0.49875,                0.52236,                0.32401,                 1.3258,                0.96143,                 1.1906,               0.002146,               0.002146,               0.002146
                    122,                 1.3635,                 1.0106,                 1.2031,                0.59216,                0.50136,                 0.5224,                0.32438,                 1.3263,                0.96134,                 1.1906,                0.00208,                0.00208,                0.00208
                    123,                 1.3611,                0.99953,                 1.1982,                0.59329,                0.49854,                0.52224,                0.32414,                 1.3268,                0.96142,                 1.1905,               0.002014,               0.002014,               0.002014
                    124,                 1.3646,                 1.0018,                 1.1956,                0.59299,                0.50011,                0.52211,                0.32431,                 1.3272,                0.96112,                 1.1905,               0.001948,               0.001948,               0.001948
                    125,                 1.3588,                0.99925,                 1.1979,                0.59091,                0.50363,                0.52307,                0.32499,                 1.3273,                0.96092,                 1.1905,               0.001882,               0.001882,               0.001882
                    126,                 1.3647,                 1.0022,                 1.2019,                0.59367,                0.50146,                0.52361,                0.32496,                 1.3275,                0.96128,                 1.1905,               0.001816,               0.001816,               0.001816
                    127,                 1.3543,                0.99738,                 1.2015,                0.59072,                0.50464,                 0.5237,                0.32476,                 1.3276,                0.96122,                 1.1905,                0.00175,                0.00175,                0.00175
                    128,                 1.3561,                0.99283,                 1.1961,                0.58725,                0.50585,                0.52384,                0.32475,                 1.3274,                0.96056,                 1.1902,               0.001684,               0.001684,               0.001684
                    129,                 1.3579,                0.99612,                 1.1963,                  0.591,                0.50235,                0.52373,                0.32489,                 1.3277,                0.96056,                 1.1903,               0.001618,               0.001618,               0.001618
                    130,                 1.3575,                0.99224,                 1.1974,                0.59791,                0.49835,                0.52323,                0.32452,                 1.3276,                0.96034,                 1.1902,               0.001552,               0.001552,               0.001552
                    131,                  1.357,                0.99639,                 1.1966,                0.60034,                0.49766,                0.52341,                0.32478,                 1.3279,                0.96048,                 1.1903,               0.001486,               0.001486,               0.001486
                    132,                  1.352,                0.98973,                 1.1953,                 0.6019,                0.49543,                0.52263,                0.32443,                 1.3275,                 0.9599,                 1.1901,                0.00142,                0.00142,                0.00142
                    133,                 1.3551,                0.98996,                 1.1941,                0.60215,                0.49721,                0.52268,                0.32441,                 1.3274,                0.96004,                   1.19,               0.001354,               0.001354,               0.001354
                    134,                 1.3483,                0.98094,                 1.1915,                0.59689,                0.50047,                0.52202,                0.32419,                 1.3273,                0.96018,                 1.1899,               0.001288,               0.001288,               0.001288
                    135,                 1.3581,                 0.9913,                 1.1932,                0.59328,                0.50258,                 0.5219,                0.32393,                  1.327,                0.95975,                 1.1897,               0.001222,               0.001222,               0.001222
                    136,                 1.3576,                0.98875,                 1.1897,                0.59181,                 0.5019,                0.52214,                0.32433,                  1.327,                 0.9597,                 1.1897,               0.001156,               0.001156,               0.001156
                    137,                 1.3472,                0.97993,                 1.1907,                0.59278,                0.50161,                0.52194,                0.32431,                 1.3273,                0.95949,                 1.1899,                0.00109,                0.00109,                0.00109
                    138,                 1.3507,                0.98626,                 1.1933,                0.59187,                0.50136,                0.52209,                0.32432,                 1.3274,                0.95971,                   1.19,               0.001024,               0.001024,               0.001024
                    139,                 1.3407,                0.97331,                  1.189,                0.59241,                0.50096,                0.52201,                0.32435,                 1.3271,                0.95956,                 1.1899,               0.000958,               0.000958,               0.000958
                    140,                 1.3396,                0.97655,                 1.1892,                0.58856,                0.50341,                0.52216,                0.32438,                 1.3273,                0.95951,                   1.19,               0.000892,               0.000892,               0.000892
                    141,                 1.2443,                0.81869,                 1.1552,                0.58783,                0.50271,                0.52197,                0.32404,                 1.3279,                0.95946,                 1.1904,               0.000826,               0.000826,               0.000826
                    142,                   1.23,                0.80062,                 1.1447,                0.59053,                0.50208,                0.52182,                0.32385,                  1.328,                0.95946,                 1.1902,                0.00076,                0.00076,                0.00076
                    143,                 1.2269,                 0.7963,                 1.1452,                0.58996,                0.50348,                0.52189,                 0.3239,                  1.328,                0.95937,                 1.1902,               0.000694,               0.000694,               0.000694
                    144,                 1.2244,                0.79251,                 1.1417,                0.59015,                0.50382,                 0.5218,                0.32415,                  1.328,                0.95876,                 1.1902,               0.000628,               0.000628,               0.000628
                    145,                 1.2245,                0.79004,                 1.1444,                0.59225,                0.50267,                0.52206,                0.32436,                  1.328,                0.95854,                 1.1902,               0.000562,               0.000562,               0.000562
                    146,                 1.2172,                 0.7818,                 1.1408,                0.59318,                0.50309,                0.52236,                0.32464,                 1.3278,                0.95873,                 1.1901,               0.000496,               0.000496,               0.000496
                    147,                 1.2176,                0.78188,                  1.138,                0.59263,                0.50296,                0.52264,                0.32478,                  1.328,                0.95832,                 1.1901,                0.00043,                0.00043,                0.00043
                    148,                 1.2187,                0.78093,                 1.1385,                0.59827,                0.49936,                0.52265,                0.32502,                 1.3282,                 0.9584,                   1.19,               0.000364,               0.000364,               0.000364
                    149,                 1.2132,                0.77579,                 1.1372,                0.59727,                 0.4995,                0.52257,                0.32494,                 1.3282,                 0.9584,                   1.19,               0.000298,               0.000298,               0.000298
                    150,                  1.211,                0.77516,                 1.1367,                0.59424,                 0.5011,                0.52251,                0.32503,                 1.3283,                0.95845,                   1.19,               0.000232,               0.000232,               0.000232
